id;name;description;is_active;created_by;created_date;last_modified_by;last_modified_date
1;1080p;Florida;false;Diverse;2022-10-09T14:19:06;real-time reinvent;2022-10-09T00:27:57
2;Grove Rustic payment;Unbranded envisioneer implementation;true;primary parsing Bedfordshire;2022-10-09T02:59:21;multi-byte Gloves;2022-10-09T05:59:49
3;ubiquitous Ball;orchestrate Chips navigate;false;Island;2022-10-09T07:44:38;payment;2022-10-09T10:55:50
4;USB Buckinghamshire;help-desk Table Kentucky;true;synergy moderator;2022-10-09T08:06:29;Small;2022-10-09T14:31:57
5;infrastructures compressing scale;mindshare firmware Cambridgeshire;false;Bedfordshire front-end;2022-10-09T15:26:45;sticky;2022-10-09T07:07:42
6;Card drive;Checking;false;Regional;2022-10-09T04:48:49;People's SSL Movies;2022-10-09T00:14:24
7;Plastic Games;Glen Fresh online;false;contingency;2022-10-09T18:14:38;deposit;2022-10-09T19:47:02
8;Table;COM deposit;true;Cambridgeshire;2022-10-09T16:52:52;context-sensitive Pizza Identity;2022-10-09T10:43:34
9;Operations relationships exploit;Solutions action-items;true;Paradigm Egypt;2022-10-09T18:20:30;Micronesia violet Borders;2022-10-09T05:52:59
10;Baht Handmade Avon;mindshare;true;Fish Tasty;2022-10-09T18:19:50;driver incentivize Account;2022-10-09T05:45:32
